{"class_weights": [1.512429, 1.512429, 1.512429, 0.252071, 1.512429, 1.512429, 1.512429, 15.210714], "n_test": 427, "n_total": 4259, "n_train": 3407, "n_val": 425, "seed": 42, "test_frac": 0.1, "train_frac": 0.8, "val_frac": 0.1}